id,firstName,lastName
10000001,Martin,Acevedo
10000002,Zeelee,Harrison
10000003,Shantay,Bolton
10000004,Alonzo,Carrior
10000005,Ernest,Chung
10000006,Charles,Dance
10000007,Kevin,Doherty
10000008,Romello,Duenas
10000009,Michelle,Farouka
10000010,Annabel,Hester
10000011,Phillip,Houston
10000012,William,Hilton
10000013,Max,Von Sydow
10000014,Christopher,Plummer
10000015,Joan,Allen
10000016,Michael,Hogan
10000017,Vladimir,Kulich
10000018,Charles,Martinet
10000019,Jeremy,Irons
10000020,Regina,King
10000021,Jordan,Peele
10000022,James,Jones
10000023,Rami,Malek
10000024,Daniel,Lewis
10000025,Jean,Smart
10000026,Louis,Gossett
